<?xml version='1.0' encoding='windows-1252' ?>
<ftstdata>
<topic name="Centering, Zooming, and other Map Functions" url="Centering,_Zooming,_and_other_Map_Functions.htm" />
<topic name="Changing Map Viewing Options" url="Changing_Map_Viewing_Options.htm" />
<topic name="Displaying Vehicles on the Map Screen" url="Displaying_Vehicles_on_the_Map_Screen.htm" />
<topic name="Email Notification" url="Email_Notification.htm" />
<topic name="Fleet Maintenance Intro" url="Fleet_Maintenance_Intro.htm" />
<topic name="Generating Reports" url="Generating_Reports.htm" />
<topic name="History-Introduction" url="History-Introduction.htm" />
<topic name="Logging In" url="Logging_In.htm" />
<topic name="Maintenance Complete" url="Maintenance_Complete.htm" />
<topic name="Output Format Descriptions" url="Output_Format_Descriptions.htm" />
<topic name="Overview of the User Guide" url="Overview_of_the_User_Guide.htm" />
<topic name="Report Descriptions" url="Report_Descriptions.htm" />
<topic name="Searching the Vehicle Grid" url="Searching_the_Vehicle_Grid.htm" />
<topic name="Sending a New Message" url="Sending_a_New_Message.htm" />
<topic name="System Information" url="System_Information.htm" />
<topic name="Understanding Message Types" url="Understanding_Message_Types.htm" />
<topic name="Understanding the Vehicle Grid" url="Understanding_the_Vehicle_Grid.htm" />
<topic name="View Details" url="View_Details.htm" />
<topic name="Viewing Sensors and Sending Outputs or Commands" url="Viewing_Sensors_and_Sending_Outputs_or_Commands.htm" />
<topic name="Viewing Sent Messages" url="Viewing_Sent_Messages.htm" />
<topic name="Viewing Stop Sequence History" url="Viewing_Stop_Sequence_History.htm" />
<topic name="Viewing Vehicle Path History" url="Viewing_Vehicle_Path_History.htm" />
<topic name="Working with Alarms" url="Working_with_Alarms.htm" />

</ftstdata>  
