<?xml version='1.0' encoding='windows-1252' ?>
<ftswdata>
<key name="0"> 7,18, </key>
<key name="1"> 20, </key>
<key name="100"> 3, </key>
<key name="1024"> 7,8,17, </key>
<key name="118"> 13, </key>
<key name="128"> 7, </key>
<key name="13"> 3, </key>
<key name="15"> 3, </key>
<key name="200"> 18, </key>
<key name="2000"> 18, </key>
<key name="2006"> 3, </key>
<key name="22"> 3, </key>
<key name="230"> 13, </key>
<key name="24"> 13,18,19,22, </key>
<key name="244100"> 3, </key>
<key name="25"> 3, </key>
<key name="259000"> 3, </key>
<key name="3"> 20, </key>
<key name="30"> 3,7,18, </key>
<key name="34"> 3, </key>
<key name="4"> 13, </key>
<key name="40"> 13, </key>
<key name="5"> 7, </key>
<key name="50mph"> 18, </key>
<key name="6"> 3,13, </key>
<key name="768"> 7, </key>
<key name="8"> 3,18, </key>
<key name="90mph"> 18, </key>
<key name="ability"> 2, </key>
<key name="abl"> 0,5,6,13, </key>
<key name="acceleration"> 11, </key>
<key name="accept"> 22, </key>
<key name="acces"> 7,9,16, </key>
<key name="accord"> 18, </key>
<key name="account"> 7, </key>
<key name="ack"> 19,21, </key>
<key name="acknowledg"> 21, </key>
<key name="acknowledgement"> 19,21, </key>
<key name="acknowledgment"> 18, </key>
<key name="acrobat"> 9, </key>
<key name="action"> 18,21,22, </key>
<key name="activat"> 18,22, </key>
<key name="activiti"> 6,11,19,21, </key>
<key name="activity"> 11,15,20,21, </key>
<key name="ad"> 2,3,7,8,17, </key>
<key name="add"> 13,17, </key>
<key name="addres"> 3,6,11,12,16,17,20,21,22, </key>
<key name="adob"> 9, </key>
<key name="again"> 22, </key>
<key name="air"> 18, </key>
<key name="alarm"> 0,11,15,16,18,22, </key>
<key name="allow"> 4,13,14,17,18, </key>
<key name="along"> 0,19, </key>
<key name="alphanumeric"> 22, </key>
<key name="alternat"> 2, </key>
<key name="alternative"> 17, </key>
<key name="alway"> 13,15, </key>
<key name="am"> 3, </key>
<key name="answ"> 15, </key>
<key name="any"> 0,1,2,5,7,8,11,13,14,17,18,19,21,22, </key>
<key name="anywher"> 0, </key>
<key name="appear"> 0,1,2,5,6,12,13,15,16,19,20,21,22, </key>
<key name="appli"> 6, </key>
<key name="applicabl"> 5, </key>
<key name="application"> 7, </key>
<key name="approach"> 3, </key>
<key name="appropriat"> 12,17, </key>
<key name="approximate"> 7, </key>
<key name="area"> 0,6,8,17, </key>
<key name="arm"> 15,16,18,22, </key>
<key name="around"> 15,18, </key>
<key name="arriv"> 20, </key>
<key name="arrival"> 11,20, </key>
<key name="arrow"> 0,6,21, </key>
<key name="ask"> 22, </key>
<key name="assign"> 2,11,18,20, </key>
<key name="associat"> 11, </key>
<key name="attach"> 18,22, </key>
<key name="attempt"> 13, </key>
<key name="authoriz"> 19, </key>
<key name="automatical"> 2,3,7,16,18, </key>
<key name="availabl"> 0,2,9,11,14,16,18,19, </key>
<key name="averag"> 11, </key>
<key name="back"> 5,7, </key>
<key name="backup"> 18, </key>
<key name="bantek"> 15, </key>
<key name="bar"> 0, </key>
<key name="bas"> 4, </key>
<key name="basi"> 2,10, </key>
<key name="basic"> 6, </key>
<key name="battery"> 18, </key>
<key name="be"> 0, </key>
<key name="becom"> 0, </key>
<key name="befor"> 0,2,7,8, </key>
<key name="begin"> 1,11, </key>
<key name="belong"> 19, </key>
<key name="below"> 2,3,6,8,12,17,18, </key>
<key name="belt"> 11, </key>
<key name="best"> 7, </key>
<key name="bit"> 7, </key>
<key name="black"> 18, </key>
<key name="blackbox"> 18, </key>
<key name="blank"> 6,19, </key>
<key name="block"> 7, </key>
<key name="both"> 11,15,18,19, </key>
<key name="bottom"> 0,3,5,9,16, </key>
<key name="box"> 0,2,3,12,15,16,18,19,21,22, </key>
<key name="boxsetup"> 15, </key>
<key name="boxstatu"> 15, </key>
<key name="brak"> 11, </key>
<key name="breadcrumb"> 6,20,21, </key>
<key name="brows"> 7, </key>
<key name="bsm"> 7, </key>
<key name="button"> 0,1,2,5,6,8,13,15,17,20,22, </key>
<key name="cal"> 15,21, </key>
<key name="calendar"> 5,6,19, </key>
<key name="cannot"> 2, </key>
<key name="capabl"> 22, </key>
<key name="car"> 2, </key>
<key name="cardinal"> 0, </key>
<key name="cas"> 15,18, </key>
<key name="caus"> 22, </key>
<key name="cell"> 22, </key>
<key name="cent"> 0,6, </key>
<key name="center"> 0,6, </key>
<key name="centr"> 13,19, </key>
<key name="chang"> 1,14,16,18,20,22, </key>
<key name="character"> 8,13,17, </key>
<key name="chart"> 21, </key>
<key name="check"> 12,22, </key>
<key name="checkbox"> 2,13,16,18, </key>
<key name="choos"> 0,1,2,5,6,11,12,13,15,18,19,20,21, </key>
<key name="chos"> 6,12,13,19,20,21, </key>
<key name="chosen"> 2, </key>
<key name="circular"> 6,15, </key>
<key name="clear"> 18,20,21, </key>
<key name="click"> 0,1,2,5,6,8,12,13,16,18,19,20,21,22, </key>
<key name="client"> 7, </key>
<key name="clos"> 0,16,18,19,20,21,22, </key>
<key name="closest"> 22, </key>
<key name="cod"> 11, </key>
<key name="collect"> 18, </key>
<key name="color"> 6, </key>
<key name="colour"> 6,11,20, </key>
<key name="column"> 2,6,12,14,15,16,18,19,20,21, </key>
<key name="com"> 3, </key>
<key name="command"> 11,15,16,18,19,20,21,22, </key>
<key name="common"> 18, </key>
<key name="communicat"> 2,11,15,20,21, </key>
<key name="communication"> 6,13,15,18,21, </key>
<key name="company"> 2,14, </key>
<key name="complet"> 4,8,19,21, </key>
<key name="condition"> 18, </key>
<key name="confidential"> 7, </key>
<key name="configur"> 2,5,7,16,18,20,21, </key>
<key name="configurabl"> 11, </key>
<key name="configuration"> 10, </key>
<key name="confirm"> 22, </key>
<key name="connect"> 18, </key>
<key name="consider"> 11, </key>
<key name="consult"> 10, </key>
<key name="contact"> 17,22, </key>
<key name="contain"> 0,2,10,13,16,20,21, </key>
<key name="content"> 21, </key>
<key name="continu"> 0,13, </key>
<key name="control"> 16,18, </key>
<key name="convenient"> 13, </key>
<key name="coordinat"> 11,15, </key>
<key name="corn"> 0, </key>
<key name="correct"> 12, </key>
<key name="correspond"> 6,17,20,21, </key>
<key name="count"> 13, </key>
<key name="coverag"> 18, </key>
<key name="creat"> 2,11,13,15, </key>
<key name="critical"> 18,22, </key>
<key name="cros"> 15, </key>
<key name="crystal"> 9, </key>
<key name="current"> 0,2,3,4,7,11,14,18,22, </key>
<key name="cursor"> 2, </key>
<key name="custom"> 2,5, </key>
<key name="cycl"> 4,8, </key>
<key name="dash"> 0, </key>
<key name="dat"> 2,3,5,6,11,16,17,19,20,21,22, </key>
<key name="data"> 2,13,15,21, </key>
<key name="databas"> 2,8,16, </key>
<key name="day"> 10, </key>
<key name="de"> 16, </key>
<key name="deal"> 2, </key>
<key name="default"> 0,1,2,9,21, </key>
<key name="defin"> 0,8,17,18, </key>
<key name="delay"> 18, </key>
<key name="delet"> 8,17,18, </key>
<key name="delivery"> 2, </key>
<key name="demerit"> 11, </key>
<key name="departur"> 11,20, </key>
<key name="depend"> 0,2,5,18, </key>
<key name="depth"> 20,21, </key>
<key name="description"> 5,9,11,12,16,17,18,22, </key>
<key name="deselect"> 2,16, </key>
<key name="detail"> 0,2,4,5,6,11,12,15,16,17,18,19,20,21,22, </key>
<key name="detect"> 18, </key>
<key name="determin"> 0,18, </key>
<key name="devic"> 22, </key>
<key name="diagnostic"> 15, </key>
<key name="dialog"> 0, </key>
<key name="different"> 0,6,11,18,21,22, </key>
<key name="direction"> 0,6,11,15,19,21, </key>
<key name="disabl"> 1,2,7,15,16,18, </key>
<key name="disarm"> 15,16,18, </key>
<key name="display"> 0,1,2,6,7,8,11,12,13,14,16,17,18,19,20,21,22, </key>
<key name="distanc"> 11,12,17,18, </key>
<key name="divid"> 11, </key>
<key name="do"> 0,2,18, </key>
<key name="don"> 9, </key>
<key name="door"> 18, </key>
<key name="dot"> 6, </key>
<key name="down"> 0,4,5,8,14,17,20,21, </key>
<key name="download"> 9, </key>
<key name="drag"> 0, </key>
<key name="driv"> 11,13,18, </key>
<key name="drop"> 4,5,8,17, </key>
<key name="du"> 3,4,11,14,17, </key>
<key name="dual"> 13,18, </key>
<key name="duration"> 6,11,16,20, </key>
<key name="easi"> 0,2,16, </key>
<key name="east"> 0, </key>
<key name="easy"> 7,9, </key>
<key name="edg"> 0, </key>
<key name="edit"> 17, </key>
<key name="eith"> 0,6,13,15,18,19,21,22, </key>
<key name="element"> 16, </key>
<key name="email"> 3,4,17,22, </key>
<key name="enabl"> 0,1,2,6,13,15,16,18,20, </key>
<key name="encryption"> 7, </key>
<key name="end"> 6,11,19,20,21, </key>
<key name="engin"> 11, </key>
<key name="ensur"> 0,8, </key>
<key name="ent"> 2,12,13, </key>
<key name="enter"> 6,8,13,17, </key>
<key name="entir"> 11,13,19, </key>
<key name="equip"> 13, </key>
<key name="etc"> 11,19,22, </key>
<key name="every"> 2, </key>
<key name="exampl"> 3,12,13,18,22, </key>
<key name="excel"> 9, </key>
<key name="excessiv"> 18, </key>
<key name="exchang"> 13, </key>
<key name="exclamation"> 22, </key>
<key name="exclud"> 11, </key>
<key name="execut"> 21, </key>
<key name="exist"> 14, </key>
<key name="expect"> 14, </key>
<key name="explain"> 15, </key>
<key name="explanation"> 20,21, </key>
<key name="explor"> 7, </key>

</ftswdata>  
