<?xml version='1.0' encoding='windows-1252' ?>
<ftswdata>
<key name="extend"> 18, </key>
<key name="extensiv"> 17, </key>
<key name="externaldata"> 15, </key>
<key name="extrem"> 11, </key>
<key name="f5"> 2,16, </key>
<key name="fail"> 13, </key>
<key name="featur"> 14, </key>
<key name="feet"> 18, </key>
<key name="fenc"> 11,15,18, </key>
<key name="few"> 13, </key>
<key name="field"> 5,6,12,13,16,18,19,20,21,22, </key>
<key name="fifteen"> 12, </key>
<key name="filt"> 6,11, </key>
<key name="find"> 2,18, </key>
<key name="finish"> 13, </key>
<key name="firmwar"> 18, </key>
<key name="first"> 0,2,6,7,12,13,20,22, </key>
<key name="flash"> 22, </key>
<key name="fleet"> 2,4,5,6,7,11,12,13,16,17,19,21, </key>
<key name="fm"> 0,2,4,5,7,8,9,10,11,13,14,15,16,18,19,20,21, </key>
<key name="fob"> 15,18, </key>
<key name="fold"> 19, </key>
<key name="follow"> 0,1,6,9,10,11,12,15,16,18,19,20,21,22, </key>
<key name="format"> 5,9,22, </key>
<key name="four"> 0,6, </key>
<key name="fre"> 9, </key>
<key name="frequenci"> 18, </key>
<key name="frequency"> 2,16, </key>
<key name="full"> 0,2,16, </key>
<key name="function"> 0,6,7,16,18,20,21, </key>
<key name="functionality"> 4, </key>
<key name="futur"> 15, </key>
<key name="general"> 0, </key>
<key name="generat"> 4,5,7,9,11,22, </key>
<key name="geo"> 11,15, </key>
<key name="geofenc"> 15,18, </key>
<key name="geozon"> 7,15, </key>
<key name="get"> 9,10,18, </key>
<key name="giv"> 18,20, </key>
<key name="go"> 16,21, </key>
<key name="gold"> 22, </key>
<key name="gp"> 2,11,15,19,20,21,22, </key>
<key name="graphical"> 6,7, </key>
<key name="green"> 6,21,22, </key>
<key name="grid"> 0,2,6,12,15,16,18,19,20,21,22, </key>
<key name="group"> 2, </key>
<key name="guid"> 10, </key>
<key name="hard"> 18, </key>
<key name="harsh"> 11, </key>
<key name="head"> 16,20,21, </key>
<key name="held"> 0, </key>
<key name="help"> 7,10,12,19, </key>
<key name="her"> 19,21, </key>
<key name="hgiwireles"> 3, </key>
<key name="hid"> 1, </key>
<key name="high"> 7,10, </key>
<key name="highlight"> 0,20,21, </key>
<key name="historical"> 7, </key>
<key name="history"> 4,6,7,10,11,15,17,19,20,21, </key>
<key name="hom"> 6,7,14,19, </key>
<key name="honk"> 18, </key>
<key name="horizontal"> 7, </key>
<key name="horn"> 18, </key>
<key name="hour"> 11,13,18,19,22, </key>
<key name="how"> 1,13,16,18, </key>
<key name="html"> 9, </key>
<key name="hyperlink"> 2,5,7,8,14,16,17,18, </key>
<key name="icon"> 0,2,6,20,21,22, </key>
<key name="id"> 12,18,21, </key>
<key name="identify"> 0, </key>
<key name="idl"> 6,11,15,16,20, </key>
<key name="idling"> 11, </key>
<key name="if"> 0,2,5,6,7,9,11,12,13,17,18,19,20,21,22, </key>
<key name="ignition"> 11,15,18,20, </key>
<key name="illustrat"> 3, </key>
<key name="immediate"> 2,16,18, </key>
<key name="incident"> 22, </key>
<key name="includ"> 5,7,11,14,17,18,20,21, </key>
<key name="incom"> 15,19,21, </key>
<key name="indicat"> 0,6,11,17,19,21, </key>
<key name="individual"> 6,13, </key>
<key name="info"> 3,14,16,17,18,19,22, </key>
<key name="inform"> 14, </key>
<key name="information"> 0,2,4,6,7,8,10,11,12,14,15,16,18,20,21,22, </key>
<key name="input"> 18, </key>
<key name="insid"> 18, </key>
<key name="instal"> 18, </key>
<key name="instanc"> 18, </key>
<key name="instead"> 18, </key>
<key name="interactiv"> 16, </key>
<key name="interfac"> 10, </key>
<key name="interior"> 6, </key>
<key name="internal"> 6,18,21, </key>
<key name="internet"> 7, </key>
<key name="interval"> 3,7,13,17,18, </key>
<key name="introduction"> 4,6,19,20,21, </key>
<key name="invalid"> 11,15, </key>
<key name="involv"> 22, </key>
<key name="ip"> 11,15, </key>
<key name="item"> 8,17, </key>
<key name="itself"> 10,13, </key>
<key name="just"> 13, </key>
<key name="keep"> 0,13, </key>
<key name="key"> 15,18,20, </key>
<key name="keyboard"> 17, </key>
<key name="keyfob"> 18, </key>
<key name="keyfobarm"> 15, </key>
<key name="keyfobdisarm"> 15, </key>
<key name="keyfobpanic"> 15, </key>
<key name="kind"> 21, </key>
<key name="landmark"> 1,7,11,12,16,20,21,22, </key>
<key name="larg"> 0,2,12, </key>
<key name="last"> 2,4,13,14,16,17,19,22, </key>
<key name="latest"> 16, </key>
<key name="latitud"> 21, </key>
<key name="launch"> 7, </key>
<key name="leash"> 18, </key>
<key name="left"> 0,2,6,13,16,17,20, </key>
<key name="legend"> 20, </key>
<key name="length"> 6, </key>
<key name="level"> 0,2,10,22, </key>
<key name="licens"> 12,19, </key>
<key name="lik"> 2, </key>
<key name="lin"> 6,13, </key>
<key name="link"> 4,6,9, </key>
<key name="list"> 2,4,5,6,8,9,11,12,13,16,17,18,19,20,21,22, </key>
<key name="load"> 2, </key>
<key name="locat"> 2,5,9, </key>
<key name="location"> 0,6,11,15,20,21, </key>
<key name="log"> 7,14, </key>
<key name="login"> 7,14,19, </key>
<key name="long"> 0,6,13,16,19,21, </key>
<key name="longitud"> 21, </key>
<key name="look"> 12, </key>
<key name="main"> 4,5,7,18,19, </key>
<key name="maintain"> 7, </key>
<key name="maintenanc"> 3,4,7,8,10,11,14,17, </key>
<key name="mak"> 2,17, </key>
<key name="manag"> 0,18, </key>
<key name="manual"> 15, </key>
<key name="map"> 0,1,2,6,7,10,12,13,15,16,18,19,20,21,22, </key>
<key name="mark"> 6,20,21, </key>
<key name="match"> 12, </key>
<key name="maximum"> 8,13,17, </key>
<key name="mbalarm"> 15, </key>
<key name="mdt"> 11,13, </key>
<key name="mdtrespons"> 15, </key>
<key name="mdttextmessag"> 15,19, </key>
<key name="mean"> 15, </key>
<key name="measurement"> 21, </key>
<key name="memory"> 18, </key>
<key name="menu"> 0, </key>
<key name="messag"> 7,10,11,13,15,18,19,20,21,22, </key>
<key name="microsoft"> 9, </key>
<key name="might"> 18, </key>
<key name="minu"> 0, </key>
<key name="minut"> 7,18,20, </key>
<key name="mobil"> 13, </key>
<key name="mod"> 13,18, </key>
<key name="modifi"> 8, </key>
<key name="modify"> 7,8,14,17,18,22, </key>
<key name="monitor"> 0,4,6,7,18, </key>
<key name="mous"> 0,2,6,22, </key>
<key name="mouseov"> 6, </key>
<key name="mov"> 0,2,6,12,13,16,20,21,22, </key>
<key name="movement"> 6,7,11, </key>
<key name="multipli"> 11, </key>
<key name="must"> 0,2,7,18, </key>
<key name="n"> 16,18, </key>
<key name="nam"> 1,2,7,14,16,18,19,20,21,22, </key>
<key name="narrow"> 19, </key>
<key name="navigat"> 0,6,7,20,21, </key>
<key name="ne"> 0,19,21, </key>
<key name="nearest"> 16,20,21, </key>
<key name="necessary"> 17, </key>
<key name="network"> 13,18, </key>
<key name="new"> 0,2,6,7,13,14,19,22, </key>
<key name="next"> 2,4,8,13,14,17, </key>
<key name="normal"> 2,19, </key>
<key name="north"> 0, </key>
<key name="not"> 0,2,7,9,16,18,19,22, </key>
<key name="notifi"> 2,3,4,14,17, </key>
<key name="notification"> 3,17,22, </key>
<key name="numb"> 0,2,11,12,17,18,19,20, </key>
<key name="number"> 0,17,20, </key>
<key name="observ"> 18, </key>
<key name="occur"> 4,11,22, </key>
<key name="occurrenc"> 11, </key>
<key name="odomet"> 3,4,11,17, </key>
<key name="off"> 7,11,18,20, </key>
<key name="offer"> 5, </key>
<key name="often"> 9,16,18, </key>
<key name="oldest"> 20,21, </key>
<key name="on"> 0,2,6,7,13,16,18,19,20,21,22, </key>
<key name="onc"> 0,2,7,8,20,21,22, </key>
<key name="onlin"> 7, </key>
<key name="open"> 2,7,18,22, </key>
<key name="operation"> 11, </key>
<key name="opposit"> 0, </key>
<key name="option"> 0,1,2,4,5,6,8,15,16,20,22, </key>
<key name="ord"> 13, </key>
<key name="organization"> 14,18, </key>
<key name="organizational"> 2, </key>
<key name="other"> 16, </key>
<key name="out"> 0,5,7,18, </key>
<key name="outgo"> 15,19,21, </key>
<key name="outlin"> 0, </key>
<key name="output"> 5,9,11,15,16,18,21,22, </key>
<key name="overdu"> 11, </key>
<key name="overrid"> 0, </key>
<key name="overview"> 10, </key>
<key name="own"> 0,16, </key>
<key name="pag"> 2,5,6,7,9,12,13,14,17,19, </key>
<key name="pager"> 22, </key>
<key name="parameter"> 6,18, </key>
<key name="park"> 16, </key>
<key name="part"> 18,22, </key>
<key name="particular"> 0,17,18,22, </key>
<key name="password"> 7,14, </key>
<key name="path"> 6,15,20,21, </key>
<key name="paul"> 3, </key>
<key name="pdf"> 9, </key>
<key name="per"> 11, </key>
<key name="percent"> 18, </key>
<key name="percentag"> 11, </key>
<key name="perform"> 4,8,11,17,18, </key>
<key name="perimet"> 15, </key>
<key name="period"> 6,7,11,18,19,20, </key>
<key name="permanent"> 22, </key>
<key name="person"> 3,17, </key>
<key name="personal"> 2, </key>
<key name="phon"> 22, </key>
<key name="plac"> 6,11,17,19,21, </key>
<key name="plain"> 9, </key>
<key name="plan"> 4, </key>
<key name="plat"> 12,19, </key>
<key name="pleas"> 7,10,22, </key>
<key name="plu"> 0, </key>
<key name="point"> 0,11,22, </key>
<key name="pop"> 7, </key>
<key name="popup"> 0,2, </key>
<key name="position"> 2,11,15,16,18,19,20,21,22, </key>
<key name="positionupdat"> 15, </key>
<key name="pow"> 18, </key>

</ftswdata>  
