<?xml version='1.0' encoding='windows-1252' ?>
<ftswdata>
<key name="pr"> 0,2,8,17, </key>
<key name="predefin"> 0,13, </key>
<key name="preferenc"> 2,14,16,20, </key>
<key name="pres"> 2,15,16,17, </key>
<key name="preset"> 0,18, </key>
<key name="preview"> 5, </key>
<key name="primari"> 2, </key>
<key name="primary"> 13,18, </key>
<key name="print"> 0,5,9, </key>
<key name="privacy"> 7, </key>
<key name="procedur"> 0,20,21, </key>
<key name="proces"> 9, </key>
<key name="protect"> 7, </key>
<key name="provid"> 7,11, </key>
<key name="purpos"> 2,15, </key>
<key name="queri"> 18, </key>
<key name="rang"> 5,6,18,19, </key>
<key name="re"> 0,6, </key>
<key name="reach"> 3, </key>
<key name="read"> 3,4,9,17,19, </key>
<key name="reading"> 11, </key>
<key name="real"> 2, </key>
<key name="reason"> 7, </key>
<key name="receiv"> 3,7,11,13,15,16,19,21,22, </key>
<key name="recent"> 11,17,20,21,22, </key>
<key name="recipient"> 13, </key>
<key name="record"> 17, </key>
<key name="rectangl"> 0, </key>
<key name="red"> 6,21,22, </key>
<key name="refer"> 15, </key>
<key name="reflect"> 1,8,20, </key>
<key name="refresh"> 2,16, </key>
<key name="regular"> 2, </key>
<key name="relat"> 22, </key>
<key name="releas"> 0, </key>
<key name="remain"> 0,16,22, </key>
<key name="remov"> 18,22, </key>
<key name="rep"> 13, </key>
<key name="report"> 2,4,5,7,9,10,11,15,16,18, </key>
<key name="represent"> 19, </key>
<key name="request"> 2,15,16, </key>
<key name="requir"> 8,17,18, </key>
<key name="requirement"> 18, </key>
<key name="reset"> 18, </key>
<key name="resolution"> 7, </key>
<key name="respons"> 11,13,19,21, </key>
<key name="return"> 0,5,12,16,19,20,21, </key>
<key name="review"> 7,17, </key>
<key name="right"> 0,5,6,9,13,14,19,22, </key>
<key name="row"> 6,20,21, </key>
<key name="s"> 0,2,3,5,8,12,13,15,17,18, </key>
<key name="sam"> 6,18,19,21, </key>
<key name="sav"> 1,5,8, </key>
<key name="schedul"> 3,4,8,11,15,17, </key>
<key name="scor"> 11, </key>
<key name="screen"> 0,1,2,3,4,6,7,10,11,12,13,14,15,16,17,18,19,20,21,22, </key>
<key name="scrol"> 0,12,13,19,22, </key>
<key name="scroll"> 0, </key>
<key name="se"> 0,1,2,5,6,7,9,11,12,15,16,17,18,19,20,21,22, </key>
<key name="search"> 2,12,19, </key>
<key name="seat"> 11, </key>
<key name="second"> 18, </key>
<key name="secondary"> 13,18, </key>
<key name="section"> 14,17, </key>
<key name="security"> 2,7, </key>
<key name="select"> 0,2,4,5,6,8,9,11,12,13,16,17,18,22, </key>
<key name="send"> 7,13,16,18,19, </key>
<key name="sens"> 18, </key>
<key name="sensor"> 11,15,16,18,20,21,22, </key>
<key name="sent"> 7,11,13,15,19,21, </key>
<key name="sentinel"> 0,2,4,5,7,8,9,10,11,13,14,15,16,18,19,20,21, </key>
<key name="sentinelfm"> 3, </key>
<key name="sequenc"> 6,20,21, </key>
<key name="seri"> 6,7, </key>
<key name="serial"> 18, </key>
<key name="serv"> 15,17,18,21, </key>
<key name="server"> 18, </key>
<key name="servic"> 3,4,7,8,15,17, </key>
<key name="set"> 0,2,10,15,18,21,22, </key>
<key name="setting"> 0, </key>
<key name="setup"> 2,18, </key>
<key name="severity"> 11,18,22, </key>
<key name="should"> 8,13,17,18, </key>
<key name="show"> 0,1,2,4,6,11,12,16,18,20,21,22, </key>
<key name="shown"> 2, </key>
<key name="sid"> 0,6,14,17, </key>
<key name="significant"> 18, </key>
<key name="similar"> 18, </key>
<key name="simp"> 8,17, </key>
<key name="simultaneous"> 2, </key>
<key name="sinc"> 9, </key>
<key name="singl"> 11,22, </key>
<key name="six"> 0, </key>
<key name="sm"> 22, </key>
<key name="so"> 0,2,6, </key>
<key name="softwar"> 7,18, </key>
<key name="sometim"> 0,6, </key>
<key name="soon"> 15, </key>
<key name="sort"> 2,16, </key>
<key name="south"> 0, </key>
<key name="spe"> 11,15,16,18,21, </key>
<key name="special"> 15, </key>
<key name="specifi"> 3,11,12,20, </key>
<key name="specific"> 2,4,6,19,20,21, </key>
<key name="specify"> 4,5,6,7,17,18,19, </key>
<key name="speed"> 18, </key>
<key name="spent"> 11, </key>
<key name="spreadsheet"> 9, </key>
<key name="standard"> 0,5,7,9,16,22, </key>
<key name="start"> 6,7,10,11,18,19, </key>
<key name="stat"> 16,18,22, </key>
<key name="statu"> 2,14,16,18,20,21, </key>
<key name="still"> 13, </key>
<key name="stop"> 6,11,16,18,20,21,22, </key>
<key name="stor"> 2,8,11,15,18, </key>
<key name="storedposition"> 15, </key>
<key name="street"> 11,12,16,20,21,22, </key>
<key name="subject"> 3, </key>
<key name="successful"> 7,13,18, </key>
<key name="summariz"> 11, </key>
<key name="summary"> 11, </key>
<key name="suppli"> 7, </key>
<key name="sur"> 12,17, </key>
<key name="system"> 0,2,7,10,11,13,14,18,22, </key>
<key name="t"> 9, </key>
<key name="tab"> 18, </key>
<key name="tabl"> 15,17,18, </key>
<key name="tak"> 7,17, </key>
<key name="taken"> 6,17, </key>
<key name="terminal"> 13, </key>
<key name="text"> 0,7,8,11,13,15,16,17,19,21,22, </key>
<key name="them"> 2,13, </key>
<key name="thos"> 17, </key>
<key name="thre"> 22, </key>
<key name="threshold"> 15,18, </key>
<key name="tim"> 0,2,3,5,6,11,14,16,17,18,19,20,21,22, </key>
<key name="titl"> 2,16, </key>
<key name="togeth"> 2, </key>
<key name="too"> 16,19,20,21, </key>
<key name="took"> 6,11,21, </key>
<key name="top"> 2,5,7,12,13,16,19,20,21,22, </key>
<key name="total"> 11,13, </key>
<key name="trac"> 6,18, </key>
<key name="trail"> 6,20,21, </key>
<key name="transmit"> 18, </key>
<key name="travel"> 6,11,21, </key>
<key name="trig"> 18,22, </key>
<key name="trigger"> 11,15,18,20,21,22, </key>
<key name="trip"> 11, </key>
<key name="truck"> 2, </key>
<key name="trunk"> 22, </key>
<key name="try"> 13, </key>
<key name="turn"> 0,11,18,20, </key>
<key name="two"> 6,20,21,22, </key>
<key name="typ"> 5,6,7,11,13,15,17,19,21, </key>
<key name="typical"> 15, </key>
<key name="understand"> 15,16,21, </key>
<key name="unit"> 21, </key>
<key name="unles"> 22, </key>
<key name="unlock"> 18, </key>
<key name="up"> 0,2,6,7,10,13,15,22, </key>
<key name="updat"> 0,2,11,14,15,16,18, </key>
<key name="upgrad"> 14, </key>
<key name="us"> 0,2,4,6,7,8,9,10,11,14,16,17,18,19,20,22, </key>
<key name="usag"> 18, </key>
<key name="user"> 7,18,19,22, </key>
<key name="valu"> 11, </key>
<key name="variety"> 5,18, </key>
<key name="variou"> 0,7,11, </key>
<key name="vcr"> 18, </key>
<key name="vehicl"> 0,1,2,3,4,5,6,7,8,11,12,13,15,16,17,18,19,20,21,22, </key>
<key name="versa"> 15,21, </key>
<key name="version"> 7,14,15,18, </key>
<key name="vertical"> 0, </key>
<key name="very"> 9, </key>
<key name="via"> 13,18, </key>
<key name="vic"> 15,21, </key>
<key name="view"> 0,1,2,4,5,6,7,9,12,13,15,16,17,18,19,20,21,22, </key>
<key name="violat"> 15, </key>
<key name="violation"> 11, </key>
<key name="virtual"> 15, </key>
<key name="visibl"> 0,6,12, </key>
<key name="volt"> 18, </key>
<key name="want"> 0,1,2,5,6,12,19,22, </key>
<key name="warn"> 3,18,22, </key>
<key name="warning"> 18,22, </key>
<key name="way"> 0,6,20,21, </key>
<key name="web"> 7, </key>
<key name="websit"> 7, </key>
<key name="week"> 11, </key>
<key name="weekend"> 11, </key>
<key name="well"> 10,11,17, </key>
<key name="west"> 0, </key>
<key name="what"> 11,13,15,17,18, </key>
<key name="whenev"> 22, </key>
<key name="wheth"> 0,6,11,12,16,18,19, </key>
<key name="whil"> 0,18,21, </key>
<key name="whos"> 0,2,6,19, </key>
<key name="will"> 0,2,3,7,13,17,18,22, </key>
<key name="window"> 0,2,16,22, </key>
<key name="wir"> 18, </key>
<key name="wireles"> 13,18, </key>
<key name="within"> 0,13,19,22, </key>
<key name="without"> 19, </key>
<key name="word"> 9, </key>
<key name="work"> 0,1,6,10,11,18,22, </key>
<key name="would"> 2,18, </key>
<key name="x"> 7, </key>
<key name="yellow"> 0, </key>
<key name="yes"> 13,21, </key>
<key name="your"> 1,2,4,12,13,19, </key>
<key name="zero"> 15, </key>
<key name="zon"> 21, </key>
<key name="zoom"> 0,2,6, </key>

</ftswdata>  
