<?xml version='1.0' encoding='windows-1252' ?>
<tocdata>
<item name="Overview of the User Guide" url="Overview_of_the_User_Guide.htm" />
<book name="Accessing the Sentinel-FM System" >
  <item name="Logging In" url="Logging_In.htm" />
  <item name="System Information" url="System_Information.htm" />
</book>
<book name="Working with the Map Page" >
  <item name="Displaying Vehicles on the Map Screen" url="Displaying_Vehicles_on_the_Map_Screen.htm" />
  <item name="Centering, Zooming, and other Map Functions" url="Centering,_Zooming,_and_other_Map_Functions.htm" />
  <item name="Understanding the Vehicle Grid" url="Understanding_the_Vehicle_Grid.htm" />
  <item name="Searching the Vehicle Grid" url="Searching_the_Vehicle_Grid.htm" />
  <item name="Changing Map Viewing Options" url="Changing_Map_Viewing_Options.htm" />
  <item name="Sensors, Outputs and Commands" url="Viewing_Sensors_and_Sending_Outputs_or_Commands.htm" />
  <item name="Working with Alarms" url="Working_with_Alarms.htm" />
</book>
<book name="Working With History" >
  <item name="History-Introduction" url="History-Introduction.htm" />
  <item name="Viewing Vehicle Path History " url="Viewing_Vehicle_Path_History.htm" />
  <item name="Viewing Stop Sequence History" url="Viewing_Stop_Sequence_History.htm" />
  <item name="Understanding Message Types" url="Understanding_Message_Types.htm" />
</book>
<book name="Working with the Maintenance Page" >
  <item name="Fleet Maintenance Intro" url="Fleet_Maintenance_Intro.htm" />
  <item name="View Details" url="View_Details.htm" />
  <item name="Email Notification" url="Email_Notification.htm" />
  <item name="Maintenance Complete" url="Maintenance_Complete.htm" />
</book>
<book name="Working With Messages" >
  <item name="Sending a New Message" url="Sending_a_New_Message.htm" />
  <item name="Viewing Sent Messages" url="Viewing_Sent_Messages.htm" />
</book>
<book name="Working With Reports" >
  <item name="Generating Reports" url="Generating_Reports.htm" />
  <item name="Report Descriptions" url="Report_Descriptions.htm" />
  <item name="Output Format Descriptions" url="Output_Format_Descriptions.htm" />
</book>

</tocdata>
